{
  "Regressão Logística": {
    "accuracy": 0.9175,
    "precision_cti": 0.8467,
    "recall_cti": 0.927,
    "f1_cti": 0.885,
    "precision_nao_cti": 0.8467,
    "recall_nao_cti": 0.927,
    "f1_nao_cti": 0.885,
    "f1_macro": 0.9103,
    "confusion_matrix": [
      [
        240,
        23
      ],
      [
        10,
        127
      ]
    ],
    "classification_report": {
      "Não-CT&I": {
        "precision": 0.96,
        "recall": 0.9125475285171103,
        "f1-score": 0.935672514619883,
        "support": 263.0
      },
      "CT&I": {
        "precision": 0.8466666666666667,
        "recall": 0.927007299270073,
        "f1-score": 0.8850174216027874,
        "support": 137.0
      },
      "accuracy": 0.9175,
      "macro avg": {
        "precision": 0.9033333333333333,
        "recall": 0.9197774138935917,
        "f1-score": 0.9103449681113351,
        "support": 400.0
      },
      "weighted avg": {
        "precision": 0.9211833333333334,
        "recall": 0.9175,
        "f1-score": 0.9183231452615277,
        "support": 400.0
      }
    },
    "train_time_s": 0.19,
    "fpr": [
      0.0,
      0.0,
      0.0,
      0.0038022813688212928,
      0.0038022813688212928,
      0.0076045627376425855,
      0.0076045627376425855,
      0.011406844106463879,
      0.011406844106463879,
      0.015209125475285171,
      0.015209125475285171,
      0.019011406844106463,
      0.019011406844106463,
      0.022813688212927757,
      0.022813688212927757,
      0.026615969581749048,
      0.026615969581749048,
      0.034220532319391636,
      0.034220532319391636,
      0.03802281368821293,
      0.03802281368821293,
      0.045627376425855515,
      0.045627376425855515,
      0.049429657794676805,
      0.049429657794676805,
      0.053231939163498096,
      0.053231939163498096,
      0.06844106463878327,
      0.06844106463878327,
      0.07604562737642585,
      0.07604562737642585,
      0.08745247148288973,
      0.08745247148288973,
      0.09125475285171103,
      0.09125475285171103,
      0.09505703422053231,
      0.09505703422053231,
      0.09885931558935361,
      0.09885931558935361,
      0.10646387832699619,
      0.10646387832699619,
      0.11026615969581749,
      0.11026615969581749,
      0.13307984790874525,
      0.13307984790874525,
      1.0
    ],
    "tpr": [
      0.0,
      0.0072992700729927005,
      0.5985401459854015,
      0.5985401459854015,
      0.656934306569343,
      0.656934306569343,
      0.7445255474452555,
      0.7445255474452555,
      0.8321167883211679,
      0.8321167883211679,
      0.8394160583941606,
      0.8394160583941606,
      0.8613138686131386,
      0.8613138686131386,
      0.8686131386861314,
      0.8686131386861314,
      0.8759124087591241,
      0.8759124087591241,
      0.8832116788321168,
      0.8832116788321168,
      0.8905109489051095,
      0.8905109489051095,
      0.8978102189781022,
      0.8978102189781022,
      0.9051094890510949,
      0.9051094890510949,
      0.9124087591240876,
      0.9124087591240876,
      0.9197080291970803,
      0.9197080291970803,
      0.927007299270073,
      0.927007299270073,
      0.9343065693430657,
      0.9343065693430657,
      0.9416058394160584,
      0.9416058394160584,
      0.9708029197080292,
      0.9708029197080292,
      0.9781021897810219,
      0.9781021897810219,
      0.9854014598540146,
      0.9854014598540146,
      0.9927007299270073,
      0.9927007299270073,
      1.0,
      1.0
    ],
    "roc_auc": 0.9872
  },
  "SVM Linear": {
    "accuracy": 0.9375,
    "precision_cti": 0.9058,
    "recall_cti": 0.9124,
    "f1_cti": 0.9091,
    "precision_nao_cti": 0.9058,
    "recall_nao_cti": 0.9124,
    "f1_nao_cti": 0.9091,
    "f1_macro": 0.9307,
    "confusion_matrix": [
      [
        250,
        13
      ],
      [
        12,
        125
      ]
    ],
    "classification_report": {
      "Não-CT&I": {
        "precision": 0.9541984732824428,
        "recall": 0.9505703422053232,
        "f1-score": 0.9523809523809523,
        "support": 263.0
      },
      "CT&I": {
        "precision": 0.9057971014492754,
        "recall": 0.9124087591240876,
        "f1-score": 0.9090909090909091,
        "support": 137.0
      },
      "accuracy": 0.9375,
      "macro avg": {
        "precision": 0.9299977873658591,
        "recall": 0.9314895506647054,
        "f1-score": 0.9307359307359306,
        "support": 400.0
      },
      "weighted avg": {
        "precision": 0.9376210034295829,
        "recall": 0.9375,
        "f1-score": 0.9375541125541125,
        "support": 400.0
      }
    },
    "train_time_s": 0.66,
    "fpr": [
      0.0,
      0.0,
      0.0,
      0.0038022813688212928,
      0.0038022813688212928,
      0.0076045627376425855,
      0.0076045627376425855,
      0.011406844106463879,
      0.011406844106463879,
      0.015209125475285171,
      0.015209125475285171,
      0.019011406844106463,
      0.019011406844106463,
      0.022813688212927757,
      0.022813688212927757,
      0.03802281368821293,
      0.03802281368821293,
      0.049429657794676805,
      0.049429657794676805,
      0.06463878326996197,
      0.06463878326996197,
      0.06844106463878327,
      0.06844106463878327,
      0.07224334600760456,
      0.07224334600760456,
      0.07604562737642585,
      0.07604562737642585,
      0.09505703422053231,
      0.09505703422053231,
      0.10646387832699619,
      0.10646387832699619,
      0.16730038022813687,
      0.16730038022813687,
      0.17490494296577946,
      0.17490494296577946,
      0.22433460076045628,
      0.22433460076045628,
      1.0
    ],
    "tpr": [
      0.0,
      0.0072992700729927005,
      0.5109489051094891,
      0.5109489051094891,
      0.6934306569343066,
      0.6934306569343066,
      0.7664233576642335,
      0.7664233576642335,
      0.8686131386861314,
      0.8686131386861314,
      0.8759124087591241,
      0.8759124087591241,
      0.8832116788321168,
      0.8832116788321168,
      0.8905109489051095,
      0.8905109489051095,
      0.8978102189781022,
      0.8978102189781022,
      0.9197080291970803,
      0.9197080291970803,
      0.9343065693430657,
      0.9343065693430657,
      0.9416058394160584,
      0.9416058394160584,
      0.9562043795620438,
      0.9562043795620438,
      0.9635036496350365,
      0.9635036496350365,
      0.9708029197080292,
      0.9708029197080292,
      0.9781021897810219,
      0.9781021897810219,
      0.9854014598540146,
      0.9854014598540146,
      0.9927007299270073,
      0.9927007299270073,
      1.0,
      1.0
    ],
    "roc_auc": 0.9871
  },
  "Random Forest": {
    "accuracy": 0.9375,
    "precision_cti": 0.9118,
    "recall_cti": 0.9051,
    "f1_cti": 0.9084,
    "precision_nao_cti": 0.9118,
    "recall_nao_cti": 0.9051,
    "f1_nao_cti": 0.9084,
    "f1_macro": 0.9305,
    "confusion_matrix": [
      [
        251,
        12
      ],
      [
        13,
        124
      ]
    ],
    "classification_report": {
      "Não-CT&I": {
        "precision": 0.9507575757575758,
        "recall": 0.9543726235741445,
        "f1-score": 0.952561669829222,
        "support": 263.0
      },
      "CT&I": {
        "precision": 0.9117647058823529,
        "recall": 0.9051094890510949,
        "f1-score": 0.9084249084249084,
        "support": 137.0
      },
      "accuracy": 0.9375,
      "macro avg": {
        "precision": 0.9312611408199644,
        "recall": 0.9297410563126197,
        "f1-score": 0.9304932891270652,
        "support": 400.0
      },
      "weighted avg": {
        "precision": 0.937402517825312,
        "recall": 0.9375,
        "f1-score": 0.9374448290482446,
        "support": 400.0
      }
    },
    "train_time_s": 0.77,