{
  "Regressão Logística": {
    "accuracy": 0.9,
    "precision_cti": 0.8392,
    "recall_cti": 0.8759,
    "f1_cti": 0.8571,
    "precision_nao_cti": 0.8392,
    "recall_nao_cti": 0.8759,
    "f1_nao_cti": 0.8571,
    "f1_macro": 0.8901,
    "confusion_matrix": [
      [
        240,
        23
      ],
      [
        17,
        120
      ]
    ],
    "classification_report": {
      "Não-CT&I": {
        "precision": 0.933852140077821,
        "recall": 0.9125475285171103,
        "f1-score": 0.9230769230769231,
        "support": 263.0
      },
      "CT&I": {
        "precision": 0.8391608391608392,
        "recall": 0.8759124087591241,
        "f1-score": 0.8571428571428571,
        "support": 137.0
      },
      "accuracy": 0.9,
      "macro avg": {
        "precision": 0.8865064896193301,
        "recall": 0.8942299686381172,
        "f1-score": 0.8901098901098901,
        "support": 400.0
      },
      "weighted avg": {
        "precision": 0.9014203695137547,
        "recall": 0.9,
        "f1-score": 0.9004945054945054,
        "support": 400.0
      }
    },
    "fpr": [
      0.0,
      0.0,
      0.0,
      0.0038022813688212928,
      0.0038022813688212928,
      0.0076045627376425855,
      0.0076045627376425855,
      0.011406844106463879,
      0.011406844106463879,
      0.019011406844106463,
      0.019011406844106463,
      0.034220532319391636,
      0.04182509505703422,
      0.04182509505703422,
      0.045627376425855515,
      0.045627376425855515,
      0.053231939163498096,
      0.053231939163498096,
      0.057034220532319393,
      0.057034220532319393,
      0.060836501901140684,
      0.060836501901140684,
      0.08365019011406843,
      0.08365019011406843,
      0.09885931558935361,
      0.09885931558935361,
      0.12167300380228137,
      0.12167300380228137,
      0.12927756653992395,
      0.12927756653992395,
      0.13688212927756654,
      0.13688212927756654,
      0.14068441064638784,
      0.14068441064638784,
      0.155893536121673,
      0.155893536121673,
      0.1634980988593156,
      0.17870722433460076,
      0.17870722433460076,
      0.20152091254752852,
      0.20912547528517111,
      0.28517110266159695,
      0.29277566539923955,
      0.2965779467680608,
      0.2965779467680608,
      0.3155893536121673,
      0.3155893536121673,
      0.3650190114068441,
      0.3650190114068441,
      0.40304182509505704,
      0.41064638783269963,
      0.532319391634981,
      0.532319391634981,
      0.596958174904943,
      0.596958174904943,
      0.9163498098859315,
      0.9239543726235742,
      1.0
    ],
    "tpr": [
      0.0,
      0.0072992700729927005,
      0.49635036496350365,
      0.49635036496350365,
      0.6715328467153284,
      0.6715328467153284,
      0.6788321167883211,
      0.6788321167883211,
      0.708029197080292,
      0.708029197080292,
      0.7591240875912408,
      0.8029197080291971,
      0.8029197080291971,
      0.8102189781021898,
      0.8102189781021898,
      0.8175182481751825,
      0.8175182481751825,
      0.8467153284671532,
      0.8467153284671532,
      0.8613138686131386,
      0.8613138686131386,
      0.8686131386861314,
      0.8686131386861314,
      0.8759124087591241,
      0.8759124087591241,
      0.8978102189781022,
      0.8978102189781022,
      0.9124087591240876,
      0.9124087591240876,
      0.927007299270073,
      0.927007299270073,
      0.9343065693430657,
      0.9343065693430657,
      0.9416058394160584,
      0.9416058394160584,
      0.9562043795620438,
      0.9562043795620438,
      0.9562043795620438,
      0.9635036496350365,
      0.9635036496350365,
      0.9635036496350365,
      0.9635036496350365,
      0.9635036496350365,
      0.9635036496350365,
      0.9708029197080292,
      0.9708029197080292,
      0.9781021897810219,
      0.9781021897810219,
      0.9854014598540146,
      0.9854014598540146,
      0.9854014598540146,
      0.9854014598540146,
      0.9927007299270073,
      0.9927007299270073,
      1.0,
      1.0,
      1.0,
      1.0
    ],
    "roc_auc": 0.9659
  },
  "SVM Linear": {
    "accuracy": 0.9225,
    "precision_cti": 0.9077,
    "recall_cti": 0.8613,
    "f1_cti": 0.8839,
    "precision_nao_cti": 0.9077,
    "recall_nao_cti": 0.8613,
    "f1_nao_cti": 0.8839,
    "f1_macro": 0.9129,
    "confusion_matrix": [
      [
        251,
        12
      ],
      [
        19,
        118
      ]
    ],
    "classification_report": {
      "Não-CT&I": {
        "precision": 0.9296296296296296,
        "recall": 0.9543726235741445,
        "f1-score": 0.9418386491557224,
        "support": 263.0
      },
      "CT&I": {
        "precision": 0.9076923076923077,
        "recall": 0.8613138686131386,
        "f1-score": 0.8838951310861424,
        "support": 137.0
      },
      "accuracy": 0.9225,
      "macro avg": {
        "precision": 0.9186609686609686,
        "recall": 0.9078432460936416,
        "f1-score": 0.9128668901209324,
        "support": 400.0
      },
      "weighted avg": {
        "precision": 0.9221160968660967,
        "recall": 0.9225,
        "f1-score": 0.9219929942168912,
        "support": 400.0
      }
    },
    "fpr": [
      0.0,
      0.0,
      0.0,
      0.0038022813688212928,
      0.0038022813688212928,
      0.0076045627376425855,
      0.0076045627376425855,
      0.011406844106463879,
      0.011406844106463879,
      0.015209125475285171,
      0.015209125475285171,
      0.030418250950570342,
      0.034220532319391636,
      0.034220532319391636,
      0.03802281368821293,
      0.03802281368821293,
      0.04182509505703422,
      0.04182509505703422,
      0.045627376425855515,
      0.053231939163498096,
      0.053231939163498096,
      0.057034220532319393,
      0.057034220532319393,
      0.06844106463878327,
      0.06844106463878327,
      0.07224334600760456,
      0.07224334600760456,
      0.07604562737642585,
      0.07604562737642585,
      0.09505703422053231,
      0.09505703422053231,
      0.09885931558935361,
      0.09885931558935361,
      0.11406844106463879,
      0.11406844106463879,
      0.11787072243346007,
      0.11787072243346007,
      0.12167300380228137,
      0.12167300380228137,
      0.13688212927756654,
      0.1444866920152091,
      0.1520912547528517,
      0.1520912547528517,
      0.17110266159695817,
      0.17110266159695817,
      0.19771863117870722,
      0.20532319391634982,
      0.20912547528517111,
      0.20912547528517111,
      0.2813688212927757,
      0.2813688212927757,
      0.28517110266159695,
      0.28517110266159695,
      0.2889733840304182,
      0.2889733840304182,
      0.33079847908745247,
      0.33079847908745247,
      0.34220532319391633,
      0.34220532319391633,
      0.40304182509505704,
      0.41064638783269963,
      0.5931558935361216,
      0.6007604562737643,
      0.7984790874524715,
      0.8060836501901141,
      1.0
    ],